benchmark,board,environment,category,type,size,total_size,section_total_size
crc_32,nrf52840dk,native,Kernel,.text,12970,1455984,13256
crc_32,nrf52840dk,native,Application,.text,1108,1455984,13256
crc_32,nrf52840dk,native,fill,.text,19,1455984,13256
crc_32,nrf52840dk,native,Kernel,.bss,1716,1455984,1212
crc_32,nrf52840dk,native,Kernel,.data,138,1455984,
crc_32,nrf52840dk,native,fill,.data,2,1455984,
crc_32,nrf52840dk,native,Application,.bss,4,1455984,1212
crc_32,nrf52840dk,native,fill,.bss,4,1455984,1212
crc_32,nrf52840dk,jerryscript,Kernel,.text,50953,5634964,296556
crc_32,nrf52840dk,jerryscript,Runtime,.text,263483,5634964,296556
crc_32,nrf52840dk,jerryscript,fill,.text,450,5634964,296556
crc_32,nrf52840dk,jerryscript,Application,.text,4124,5634964,296556
crc_32,nrf52840dk,jerryscript,Unknown Symbols (unspecified),.text,48,5634964,296556
crc_32,nrf52840dk,jerryscript,Kernel,.bss,3168,5634964,16144
crc_32,nrf52840dk,jerryscript,Kernel,.data,138,5634964,
crc_32,nrf52840dk,jerryscript,fill,.data,2,5634964,
crc_32,nrf52840dk,jerryscript,fill,.bss,7,5634964,16144
crc_32,nrf52840dk,jerryscript,Heap,.bss,11264,5634964,16144
crc_32,nrf52840dk,jerryscript,Runtime,.bss,2217,5634964,16144
crc_32,nrf52840dk,lua,Kernel,.text,74262,3078592,156200
crc_32,nrf52840dk,lua,Runtime,.text,90569,3078592,156200
crc_32,nrf52840dk,lua,fill,.text,183,3078592,156200
crc_32,nrf52840dk,lua,Application,.text,4226,3078592,156200
crc_32,nrf52840dk,lua,Kernel,.bss,3348,3078592,37484
crc_32,nrf52840dk,lua,Kernel,.data,602,3078592,
crc_32,nrf52840dk,lua,fill,.data,6,3078592,
crc_32,nrf52840dk,lua,Heap,.bss,34637,3078592,37484
crc_32,nrf52840dk,lua,fill,.bss,11,3078592,37484
crc_32,nrf52840dk,micropython,Kernel,.text,31327,3200412,127784
crc_32,nrf52840dk,micropython,Runtime,.text,102805,3200412,127784
crc_32,nrf52840dk,micropython,fill,.text,181,3200412,127784
crc_32,nrf52840dk,micropython,Application,.text,4085,3200412,127784
crc_32,nrf52840dk,micropython,Kernel,.bss,2906,3200412,17840
crc_32,nrf52840dk,micropython,Kernel,.data,157,3200412,
crc_32,nrf52840dk,micropython,fill,.data,3,3200412,
crc_32,nrf52840dk,micropython,Heap,.bss,14996,3200412,17840
crc_32,nrf52840dk,micropython,fill,.bss,2,3200412,17840
crc_32,nrf52840dk,micropython,Runtime,.bss,448,3200412,17840
crc_32,nrf52840dk,micro-bpf,Kernel,.text,25244,1678692,87392
crc_32,nrf52840dk,micro-bpf,fill,.text,85,1678692,87392
crc_32,nrf52840dk,micro-bpf,Runtime,.text,65345,1678692,87392
crc_32,nrf52840dk,micro-bpf,Unknown Symbols (unspecified),.text,20,1678692,87392
crc_32,nrf52840dk,micro-bpf,Application,.text,1304,1678692,87392
crc_32,nrf52840dk,micro-bpf,Kernel,.bss,5177,1678692,4668
crc_32,nrf52840dk,micro-bpf,Kernel,.data,138,1678692,
crc_32,nrf52840dk,micro-bpf,fill,.data,2,1678692,
crc_32,nrf52840dk,micro-bpf,fill,.bss,3,1678692,4668
crc_32,nrf52840dk,wamr,Kernel,.text,30244,2584201,88236
crc_32,nrf52840dk,wamr,Unknown Symbols (app),.text,12,2584201,88236
crc_32,nrf52840dk,wamr,Runtime,.text,65889,2584201,88236
crc_32,nrf52840dk,wamr,fill,.text,86,2584201,88236
crc_32,nrf52840dk,wamr,Application,.text,1224,2584201,88236
crc_32,nrf52840dk,wamr,Kernel,.bss,3289,2584201,2840
crc_32,nrf52840dk,wamr,Unknown Symbols (app),.data,16,2584201,
crc_32,nrf52840dk,wamr,Kernel,.data,138,2584201,
crc_32,nrf52840dk,wamr,Runtime,.data,920,2584201,
crc_32,nrf52840dk,wamr,fill,.data,6,2584201,
crc_32,nrf52840dk,wamr,fill,.bss,20,2584201,2840
crc_32,nrf52840dk,wamr,Runtime,.bss,43,2584201,2840
crc_32,nrf52840dk,wamr-fast,Kernel,.text,30244,2618559,90868
crc_32,nrf52840dk,wamr-fast,Unknown Symbols (app),.text,12,2618559,90868
crc_32,nrf52840dk,wamr-fast,Runtime,.text,68576,2618559,90868
crc_32,nrf52840dk,wamr-fast,fill,.text,94,2618559,90868
crc_32,nrf52840dk,wamr-fast,Application,.text,1224,2618559,90868
crc_32,nrf52840dk,wamr-fast,Kernel,.bss,3289,2618559,2848
crc_32,nrf52840dk,wamr-fast,Unknown Symbols (app),.data,16,2618559,
crc_32,nrf52840dk,wamr-fast,Kernel,.data,138,2618559,
crc_32,nrf52840dk,wamr-fast,Runtime,.data,1944,2618559,
crc_32,nrf52840dk,wamr-fast,fill,.data,6,2618559,
crc_32,nrf52840dk,wamr-fast,fill,.bss,20,2618559,2848
crc_32,nrf52840dk,wamr-fast,Runtime,.bss,51,2618559,2848
huffbench,nrf52840dk,native,Kernel,.text,12119,1472102,14128
huffbench,nrf52840dk,native,Application,.text,3026,1472102,14128
huffbench,nrf52840dk,native,fill,.text,14,1472102,14128
huffbench,nrf52840dk,native,Kernel,.bss,1716,1472102,9892
huffbench,nrf52840dk,native,Kernel,.data,138,1472102,
huffbench,nrf52840dk,native,fill,.data,2,1472102,
huffbench,nrf52840dk,native,Application,.bss,8681,1472102,9892
huffbench,nrf52840dk,native,fill,.bss,7,1472102,9892
huffbench,nrf52840dk,jerryscript,Kernel,.text,43336,3764236,175908
huffbench,nrf52840dk,jerryscript,Runtime,.text,135282,3764236,175908
huffbench,nrf52840dk,jerryscript,fill,.text,242,3764236,175908
huffbench,nrf52840dk,jerryscript,Application,.text,5965,3764236,175908
huffbench,nrf52840dk,jerryscript,Kernel,.bss,3168,3764236,29404
huffbench,nrf52840dk,jerryscript,Kernel,.data,138,3764236,
huffbench,nrf52840dk,jerryscript,fill,.data,2,3764236,
huffbench,nrf52840dk,jerryscript,fill,.bss,4,3764236,29404
huffbench,nrf52840dk,jerryscript,Heap,.bss,24576,3764236,29404
huffbench,nrf52840dk,jerryscript,Runtime,.bss,2168,3764236,29404
huffbench,nrf52840dk,lua,Kernel,.text,73379,3103800,158880
huffbench,nrf52840dk,lua,Runtime,.text,91452,3103800,158880
huffbench,nrf52840dk,lua,fill,.text,181,3103800,158880
huffbench,nrf52840dk,lua,Application,.text,6908,3103800,158880
huffbench,nrf52840dk,lua,Kernel,.bss,3560,3103800,60012
huffbench,nrf52840dk,lua,Kernel,.data,602,3103800,
huffbench,nrf52840dk,lua,fill,.data,6,3103800,
huffbench,nrf52840dk,lua,Heap,.bss,56954,3103800,60012
huffbench,nrf52840dk,lua,fill,.bss,10,3103800,60012
huffbench,nrf52840dk,micropython,Kernel,.text,31327,3204440,128360
huffbench,nrf52840dk,micropython,Runtime,.text,102805,3204440,128360
huffbench,nrf52840dk,micropython,fill,.text,182,3204440,128360
huffbench,nrf52840dk,micropython,Application,.text,4660,3204440,128360
huffbench,nrf52840dk,micropython,Kernel,.bss,2624,3204440,21292
huffbench,nrf52840dk,micropython,Kernel,.data,157,3204440,
huffbench,nrf52840dk,micropython,fill,.data,3,3204440,
huffbench,nrf52840dk,micropython,Heap,.bss,18727,3204440,21292
huffbench,nrf52840dk,micropython,fill,.bss,5,3204440,21292
huffbench,nrf52840dk,micropython,Runtime,.bss,448,3204440,21292
huffbench,nrf52840dk,micro-bpf,Kernel,.text,25244,1683488,92116
huffbench,nrf52840dk,micro-bpf,fill,.text,85,1683488,92116
huffbench,nrf52840dk,micro-bpf,Runtime,.text,65345,1683488,92116
huffbench,nrf52840dk,micro-bpf,Unknown Symbols (unspecified),.text,20,1683488,92116
huffbench,nrf52840dk,micro-bpf,Application,.text,6028,1683488,92116
huffbench,nrf52840dk,micro-bpf,Kernel,.bss,5248,1683488,4740
huffbench,nrf52840dk,micro-bpf,Kernel,.data,138,1683488,
huffbench,nrf52840dk,micro-bpf,fill,.data,2,1683488,
huffbench,nrf52840dk,micro-bpf,fill,.bss,4,1683488,4740
huffbench,nrf52840dk,wamr,Kernel,.text,30244,2585801,89484
huffbench,nrf52840dk,wamr,Unknown Symbols (app),.text,12,2585801,89484
huffbench,nrf52840dk,wamr,Runtime,.text,65889,2585801,89484
huffbench,nrf52840dk,wamr,fill,.text,84,2585801,89484
huffbench,nrf52840dk,wamr,Application,.text,2474,2585801,89484
huffbench,nrf52840dk,wamr,Kernel,.bss,3641,2585801,3192
huffbench,nrf52840dk,wamr,Unknown Symbols (app),.data,16,2585801,
huffbench,nrf52840dk,wamr,Kernel,.data,138,2585801,
huffbench,nrf52840dk,wamr,Runtime,.data,920,2585801,
huffbench,nrf52840dk,wamr,fill,.data,6,2585801,
huffbench,nrf52840dk,wamr,fill,.bss,20,2585801,3192
huffbench,nrf52840dk,wamr,Runtime,.bss,43,2585801,3192
huffbench,nrf52840dk,wamr-fast,Kernel,.text,30244,2620087,92116
huffbench,nrf52840dk,wamr-fast,Unknown Symbols (app),.text,12,2620087,92116
huffbench,nrf52840dk,wamr-fast,Runtime,.text,68576,2620087,92116
huffbench,nrf52840dk,wamr-fast,fill,.text,92,2620087,92116
huffbench,nrf52840dk,wamr-fast,Application,.text,2474,2620087,92116
huffbench,nrf52840dk,wamr-fast,Kernel,.bss,3570,2620087,3128
huffbench,nrf52840dk,wamr-fast,Unknown Symbols (app),.data,16,2620087,
huffbench,nrf52840dk,wamr-fast,Kernel,.data,138,2620087,
huffbench,nrf52840dk,wamr-fast,Runtime,.data,1944,2620087,
huffbench,nrf52840dk,wamr-fast,fill,.data,6,2620087,
huffbench,nrf52840dk,wamr-fast,fill,.bss,19,2620087,3128
huffbench,nrf52840dk,wamr-fast,Runtime,.bss,51,2620087,3128
matmult-int,nrf52840dk,native,Kernel,.text,13062,1468428,14088
matmult-int,nrf52840dk,native,Application,.text,1856,1468428,14088
matmult-int,nrf52840dk,native,fill,.text,27,1468428,14088
matmult-int,nrf52840dk,native,Kernel,.bss,1716,1468428,9212
matmult-int,nrf52840dk,native,Kernel,.data,138,1468428,
matmult-int,nrf52840dk,native,fill,.data,2,1468428,
matmult-int,nrf52840dk,native,Application,.bss,8004,1468428,9212
matmult-int,nrf52840dk,native,fill,.bss,4,1468428,9212
matmult-int,nrf52840dk,jerryscript,Kernel,.text,20557,2980920,111268
matmult-int,nrf52840dk,jerryscript,Runtime,.text,90675,2980920,111268
matmult-int,nrf52840dk,jerryscript,fill,.text,146,2980920,111268
matmult-int,nrf52840dk,jerryscript,Application,.text,6201,2980920,111268
matmult-int,nrf52840dk,jerryscript,Kernel,.bss,2816,2980920,37212
matmult-int,nrf52840dk,jerryscript,Kernel,.data,138,2980920,
matmult-int,nrf52840dk,jerryscript,fill,.data,2,2980920,
matmult-int,nrf52840dk,jerryscript,fill,.bss,4,2980920,37212
matmult-int,nrf52840dk,jerryscript,Heap,.bss,32768,2980920,37212
matmult-int,nrf52840dk,jerryscript,Runtime,.bss,2136,2980920,37212
matmult-int,nrf52840dk,lua,Kernel,.text,74262,3107800,158024
matmult-int,nrf52840dk,lua,Runtime,.text,90569,3107800,158024
matmult-int,nrf52840dk,lua,fill,.text,182,3107800,158024
matmult-int,nrf52840dk,lua,Application,.text,6051,3107800,158024
matmult-int,nrf52840dk,lua,Kernel,.bss,3630,3107800,64868
matmult-int,nrf52840dk,lua,Kernel,.data,602,3107800,
matmult-int,nrf52840dk,lua,fill,.data,6,3107800,
matmult-int,nrf52840dk,lua,Heap,.bss,61741,3107800,64868
matmult-int,nrf52840dk,lua,fill,.bss,9,3107800,64868
matmult-int,nrf52840dk,micropython,Kernel,.text,31327,3211512,130572
matmult-int,nrf52840dk,micropython,Runtime,.text,102805,3211512,130572
matmult-int,nrf52840dk,micropython,fill,.text,181,3211512,130572
matmult-int,nrf52840dk,micropython,Application,.text,6873,3211512,130572
matmult-int,nrf52840dk,micropython,Kernel,.bss,2624,3211512,26152
matmult-int,nrf52840dk,micropython,Kernel,.data,157,3211512,
matmult-int,nrf52840dk,micropython,fill,.data,3,3211512,
matmult-int,nrf52840dk,micropython,Heap,.bss,23585,3211512,26152
matmult-int,nrf52840dk,micropython,fill,.bss,7,3211512,26152
matmult-int,nrf52840dk,micropython,Runtime,.bss,448,3211512,26152
matmult-int,nrf52840dk,micro-bpf,Kernel,.text,25244,1680764,89464
matmult-int,nrf52840dk,micro-bpf,fill,.text,85,1680764,89464
matmult-int,nrf52840dk,micro-bpf,Runtime,.text,65345,1680764,89464
matmult-int,nrf52840dk,micro-bpf,Unknown Symbols (unspecified),.text,20,1680764,89464
matmult-int,nrf52840dk,micro-bpf,Application,.text,3376,1680764,89464
matmult-int,nrf52840dk,micro-bpf,Kernel,.bss,5177,1680764,4668
matmult-int,nrf52840dk,micro-bpf,Kernel,.data,138,1680764,
matmult-int,nrf52840dk,micro-bpf,fill,.data,2,1680764,
matmult-int,nrf52840dk,micro-bpf,fill,.bss,3,1680764,4668
matmult-int,nrf52840dk,wamr,Kernel,.text,30244,2585513,89196
matmult-int,nrf52840dk,wamr,Unknown Symbols (app),.text,12,2585513,89196
matmult-int,nrf52840dk,wamr,Runtime,.text,65889,2585513,89196
matmult-int,nrf52840dk,wamr,fill,.text,83,2585513,89196
matmult-int,nrf52840dk,wamr,Application,.text,2187,2585513,89196
matmult-int,nrf52840dk,wamr,Kernel,.bss,3641,2585513,3192
matmult-int,nrf52840dk,wamr,Unknown Symbols (app),.data,16,2585513,
matmult-int,nrf52840dk,wamr,Kernel,.data,138,2585513,
matmult-int,nrf52840dk,wamr,Runtime,.data,920,2585513,
matmult-int,nrf52840dk,wamr,fill,.data,6,2585513,
matmult-int,nrf52840dk,wamr,fill,.bss,20,2585513,3192
matmult-int,nrf52840dk,wamr,Runtime,.bss,43,2585513,3192
matmult-int,nrf52840dk,wamr-fast,Kernel,.text,30244,2619799,91828
matmult-int,nrf52840dk,wamr-fast,Unknown Symbols (app),.text,12,2619799,91828
matmult-int,nrf52840dk,wamr-fast,Runtime,.text,68576,2619799,91828
matmult-int,nrf52840dk,wamr-fast,fill,.text,91,2619799,91828
matmult-int,nrf52840dk,wamr-fast,Application,.text,2187,2619799,91828
matmult-int,nrf52840dk,wamr-fast,Kernel,.bss,3570,2619799,3128
matmult-int,nrf52840dk,wamr-fast,Unknown Symbols (app),.data,16,2619799,
matmult-int,nrf52840dk,wamr-fast,Kernel,.data,138,2619799,
matmult-int,nrf52840dk,wamr-fast,Runtime,.data,1944,2619799,
matmult-int,nrf52840dk,wamr-fast,fill,.data,6,2619799,
matmult-int,nrf52840dk,wamr-fast,fill,.bss,19,2619799,3128
matmult-int,nrf52840dk,wamr-fast,Runtime,.bss,51,2619799,3128
md5,nrf52840dk,native,Kernel,.text,12970,1460530,13000
md5,nrf52840dk,native,Application,.text,904,1460530,13000
md5,nrf52840dk,native,fill,.text,15,1460530,13000
md5,nrf52840dk,native,Kernel,.bss,1716,1460530,3304
md5,nrf52840dk,native,Kernel,.data,138,1460530,
md5,nrf52840dk,native,fill,.data,2,1460530,
md5,nrf52840dk,native,Application,.bss,2096,1460530,3304
md5,nrf52840dk,native,fill,.bss,4,1460530,3304
md5,nrf52840dk,jerryscript,Kernel,.text,43336,3753516,173452
md5,nrf52840dk,jerryscript,Runtime,.text,135282,3753516,173452
md5,nrf52840dk,jerryscript,fill,.text,243,3753516,173452
md5,nrf52840dk,jerryscript,Application,.text,3508,3753516,173452
md5,nrf52840dk,jerryscript,Kernel,.bss,3097,3753516,21140
md5,nrf52840dk,jerryscript,Kernel,.data,138,3753516,
md5,nrf52840dk,jerryscript,fill,.data,2,3753516,
md5,nrf52840dk,jerryscript,fill,.bss,3,3753516,21140
md5,nrf52840dk,jerryscript,Heap,.bss,16384,3753516,21140
md5,nrf52840dk,jerryscript,Runtime,.bss,2168,3753516,21140
md5,nrf52840dk,lua,Kernel,.text,74262,3096856,155744
md5,nrf52840dk,lua,Runtime,.text,90569,3096856,155744
md5,nrf52840dk,lua,fill,.text,180,3096856,155744
md5,nrf52840dk,lua,Application,.text,3773,3096856,155744
md5,nrf52840dk,lua,Kernel,.bss,3700,3096856,56204
md5,nrf52840dk,lua,Kernel,.data,602,3096856,
md5,nrf52840dk,lua,fill,.data,6,3096856,
md5,nrf52840dk,lua,Heap,.bss,53012,3096856,56204
md5,nrf52840dk,lua,fill,.bss,4,3096856,56204
md5,nrf52840dk,micropython,Kernel,.text,31327,3197584,127136
md5,nrf52840dk,micropython,Runtime,.text,102805,3197584,127136
md5,nrf52840dk,micropython,fill,.text,183,3197584,127136
md5,nrf52840dk,micropython,Application,.text,3435,3197584,127136
md5,nrf52840dk,micropython,Kernel,.bss,2906,3197584,15660
md5,nrf52840dk,micropython,Kernel,.data,157,3197584,
md5,nrf52840dk,micropython,fill,.data,3,3197584,
md5,nrf52840dk,micropython,Heap,.bss,12813,3197584,15660
md5,nrf52840dk,micropython,fill,.bss,5,3197584,15660
md5,nrf52840dk,micropython,Runtime,.bss,448,3197584,15660
md5,nrf52840dk,micro-bpf,Kernel,.text,25244,1679464,88092
md5,nrf52840dk,micro-bpf,fill,.text,85,1679464,88092
md5,nrf52840dk,micro-bpf,Runtime,.text,65345,1679464,88092
md5,nrf52840dk,micro-bpf,Unknown Symbols (unspecified),.text,20,1679464,88092
md5,nrf52840dk,micro-bpf,Application,.text,2004,1679464,88092
md5,nrf52840dk,micro-bpf,Kernel,.bss,5248,1679464,4740
md5,nrf52840dk,micro-bpf,Kernel,.data,138,1679464,
md5,nrf52840dk,micro-bpf,fill,.data,2,1679464,
md5,nrf52840dk,micro-bpf,fill,.bss,4,1679464,4740
md5,nrf52840dk,wamr,Kernel,.text,30244,2584649,88332
md5,nrf52840dk,wamr,Unknown Symbols (app),.text,12,2584649,88332
md5,nrf52840dk,wamr,Runtime,.text,65889,2584649,88332
md5,nrf52840dk,wamr,fill,.text,85,2584649,88332
md5,nrf52840dk,wamr,Application,.text,1321,2584649,88332
md5,nrf52840dk,wamr,Kernel,.bss,3641,2584649,3192
md5,nrf52840dk,wamr,Unknown Symbols (app),.data,16,2584649,
md5,nrf52840dk,wamr,Kernel,.data,138,2584649,
md5,nrf52840dk,wamr,Runtime,.data,920,2584649,
md5,nrf52840dk,wamr,fill,.data,6,2584649,
md5,nrf52840dk,wamr,fill,.bss,20,2584649,3192
md5,nrf52840dk,wamr,Runtime,.bss,43,2584649,3192
md5,nrf52840dk,wamr-fast,Kernel,.text,30244,2618935,90964
md5,nrf52840dk,wamr-fast,Unknown Symbols (app),.text,12,2618935,90964
md5,nrf52840dk,wamr-fast,Runtime,.text,68576,2618935,90964
md5,nrf52840dk,wamr-fast,fill,.text,93,2618935,90964
md5,nrf52840dk,wamr-fast,Application,.text,1321,2618935,90964
md5,nrf52840dk,wamr-fast,Kernel,.bss,3570,2618935,3128
md5,nrf52840dk,wamr-fast,Unknown Symbols (app),.data,16,2618935,
md5,nrf52840dk,wamr-fast,Kernel,.data,138,2618935,
md5,nrf52840dk,wamr-fast,Runtime,.data,1944,2618935,
md5,nrf52840dk,wamr-fast,fill,.data,6,2618935,
md5,nrf52840dk,wamr-fast,fill,.bss,19,2618935,3128
md5,nrf52840dk,wamr-fast,Runtime,.bss,51,2618935,3128
mont64,nrf52840dk,native,Kernel,.text,12970,1458974,12936
mont64,nrf52840dk,native,Application,.text,814,1458974,12936
mont64,nrf52840dk,native,fill,.text,25,1458974,12936
mont64,nrf52840dk,native,Kernel,.bss,1716,1458974,1232
mont64,nrf52840dk,native,Kernel,.data,138,1458974,
mont64,nrf52840dk,native,fill,.data,2,1458974,
mont64,nrf52840dk,native,Application,.bss,24,1458974,1232
mont64,nrf52840dk,native,fill,.bss,4,1458974,1232
mont64,nrf52840dk,jerryscript,Kernel,.text,50953,5627276,295036
mont64,nrf52840dk,jerryscript,Runtime,.text,263471,5627276,295036
mont64,nrf52840dk,jerryscript,fill,.text,452,5627276,295036
mont64,nrf52840dk,jerryscript,Application,.text,2598,5627276,295036
mont64,nrf52840dk,jerryscript,Unknown Symbols (unspecified),.text,48,5627276,295036
mont64,nrf52840dk,jerryscript,Kernel,.bss,3168,5627276,10000
mont64,nrf52840dk,jerryscript,Kernel,.data,138,5627276,
mont64,nrf52840dk,jerryscript,fill,.data,2,5627276,
mont64,nrf52840dk,jerryscript,fill,.bss,7,5627276,10000
mont64,nrf52840dk,jerryscript,Heap,.bss,5120,5627276,10000
mont64,nrf52840dk,jerryscript,Runtime,.bss,2217,5627276,10000
mont64,nrf52840dk,lua,Kernel,.text,82030,3103309,165976
mont64,nrf52840dk,lua,Runtime,.text,93444,3103309,165976
mont64,nrf52840dk,lua,fill,.text,285,3103309,165976
mont64,nrf52840dk,lua,Application,.text,3317,3103309,165976
mont64,nrf52840dk,lua,Kernel,.bss,3700,3103309,27412
mont64,nrf52840dk,lua,Kernel,.data,602,3103309,
mont64,nrf52840dk,lua,fill,.data,6,3103309,
mont64,nrf52840dk,lua,Heap,.bss,24218,3103309,27412
mont64,nrf52840dk,lua,fill,.bss,6,3103309,27412
mont64,nrf52840dk,micropython,Kernel,.text,29770,3228399,129596
mont64,nrf52840dk,micropython,Runtime,.text,107326,3228399,129596
mont64,nrf52840dk,micropython,fill,.text,185,3228399,129596
mont64,nrf52840dk,micropython,Application,.text,3009,3228399,129596
mont64,nrf52840dk,micropython,Kernel,.bss,3047,3228399,14396
mont64,nrf52840dk,micropython,Kernel,.data,157,3228399,
mont64,nrf52840dk,micropython,fill,.data,3,3228399,
mont64,nrf52840dk,micropython,Heap,.bss,11405,3228399,14396
mont64,nrf52840dk,micropython,fill,.bss,8,3228399,14396
mont64,nrf52840dk,micropython,Runtime,.bss,448,3228399,14396
mont64,nrf52840dk,micro-bpf,Kernel,.text,25244,1680372,89000
mont64,nrf52840dk,micro-bpf,fill,.text,85,1680372,89000
mont64,nrf52840dk,micro-bpf,Runtime,.text,65345,1680372,89000
mont64,nrf52840dk,micro-bpf,Unknown Symbols (unspecified),.text,20,1680372,89000
mont64,nrf52840dk,micro-bpf,Application,.text,2912,1680372,89000
mont64,nrf52840dk,micro-bpf,Kernel,.bss,5248,1680372,4740
mont64,nrf52840dk,micro-bpf,Kernel,.data,138,1680372,
mont64,nrf52840dk,micro-bpf,fill,.data,2,1680372,
mont64,nrf52840dk,micro-bpf,fill,.bss,4,1680372,4740
mont64,nrf52840dk,wamr,Kernel,.text,30244,2583929,87964
mont64,nrf52840dk,wamr,Unknown Symbols (app),.text,12,2583929,87964
mont64,nrf52840dk,wamr,Runtime,.text,65889,2583929,87964
mont64,nrf52840dk,wamr,fill,.text,87,2583929,87964
mont64,nrf52840dk,wamr,Application,.text,951,2583929,87964
mont64,nrf52840dk,wamr,Kernel,.bss,3289,2583929,2840
mont64,nrf52840dk,wamr,Unknown Symbols (app),.data,16,2583929,
mont64,nrf52840dk,wamr,Kernel,.data,138,2583929,
mont64,nrf52840dk,wamr,Runtime,.data,920,2583929,
mont64,nrf52840dk,wamr,fill,.data,6,2583929,
mont64,nrf52840dk,wamr,fill,.bss,20,2583929,2840
mont64,nrf52840dk,wamr,Runtime,.bss,43,2583929,2840
mont64,nrf52840dk,wamr-fast,Kernel,.text,30244,2618287,90596
mont64,nrf52840dk,wamr-fast,Unknown Symbols (app),.text,12,2618287,90596
mont64,nrf52840dk,wamr-fast,Runtime,.text,68576,2618287,90596
mont64,nrf52840dk,wamr-fast,fill,.text,95,2618287,90596
mont64,nrf52840dk,wamr-fast,Application,.text,951,2618287,90596
mont64,nrf52840dk,wamr-fast,Kernel,.bss,3289,2618287,2848
mont64,nrf52840dk,wamr-fast,Unknown Symbols (app),.data,16,2618287,
mont64,nrf52840dk,wamr-fast,Kernel,.data,138,2618287,
mont64,nrf52840dk,wamr-fast,Runtime,.data,1944,2618287,
mont64,nrf52840dk,wamr-fast,fill,.data,6,2618287,
mont64,nrf52840dk,wamr-fast,fill,.bss,20,2618287,2848
mont64,nrf52840dk,wamr-fast,Runtime,.bss,51,2618287,2848
nettle-sha256,nrf52840dk,native,Kernel,.text,12970,1466382,15656
nettle-sha256,nrf52840dk,native,Application,.text,3536,1466382,15656
nettle-sha256,nrf52840dk,native,fill,.text,23,1466382,15656
nettle-sha256,nrf52840dk,native,Kernel,.bss,1716,1466382,1240
nettle-sha256,nrf52840dk,native,Application,.data,88,1466382,
nettle-sha256,nrf52840dk,native,Kernel,.data,138,1466382,
nettle-sha256,nrf52840dk,native,fill,.data,2,1466382,
nettle-sha256,nrf52840dk,native,Application,.bss,32,1466382,1240
nettle-sha256,nrf52840dk,native,fill,.bss,4,1466382,1240
nettle-sha256,nrf52840dk,jerryscript,Kernel,.text,50953,5637596,299508
nettle-sha256,nrf52840dk,jerryscript,Runtime,.text,263483,5637596,299508
nettle-sha256,nrf52840dk,jerryscript,fill,.text,451,5637596,299508
nettle-sha256,nrf52840dk,jerryscript,Application,.text,7075,5637596,299508
nettle-sha256,nrf52840dk,jerryscript,Unknown Symbols (unspecified),.text,48,5637596,299508
nettle-sha256,nrf52840dk,jerryscript,Kernel,.bss,3872,5637596,15824
nettle-sha256,nrf52840dk,jerryscript,Kernel,.data,138,5637596,
nettle-sha256,nrf52840dk,jerryscript,fill,.data,2,5637596,
nettle-sha256,nrf52840dk,jerryscript,fill,.bss,7,5637596,15824
nettle-sha256,nrf52840dk,jerryscript,Heap,.bss,10240,5637596,15824
nettle-sha256,nrf52840dk,jerryscript,Runtime,.bss,2217,5637596,15824
nettle-sha256,nrf52840dk,lua,Kernel,.text,74262,3080936,159744
nettle-sha256,nrf52840dk,lua,Runtime,.text,90569,3080936,159744
nettle-sha256,nrf52840dk,lua,fill,.text,182,3080936,159744
nettle-sha256,nrf52840dk,lua,Application,.text,7771,3080936,159744
nettle-sha256,nrf52840dk,lua,Kernel,.bss,3841,3080936,36284
nettle-sha256,nrf52840dk,lua,Kernel,.data,602,3080936,
nettle-sha256,nrf52840dk,lua,fill,.data,6,3080936,
nettle-sha256,nrf52840dk,lua,Heap,.bss,32948,3080936,36284
nettle-sha256,nrf52840dk,lua,fill,.bss,7,3080936,36284
nettle-sha256,nrf52840dk,micropython,Kernel,.text,29770,3258308,136256
nettle-sha256,nrf52840dk,micropython,Runtime,.text,107326,3258308,136256
nettle-sha256,nrf52840dk,micropython,fill,.text,184,3258308,136256
nettle-sha256,nrf52840dk,micropython,Application,.text,9670,3258308,136256
nettle-sha256,nrf52840dk,micropython,Kernel,.bss,4525,3258308,37624
nettle-sha256,nrf52840dk,micropython,Kernel,.data,157,3258308,
nettle-sha256,nrf52840dk,micropython,fill,.data,3,3258308,
nettle-sha256,nrf52840dk,micropython,Heap,.bss,33159,3258308,37624
nettle-sha256,nrf52840dk,micropython,fill,.bss,4,3258308,37624
nettle-sha256,nrf52840dk,micropython,Runtime,.bss,448,3258308,37624
nettle-sha256,nrf52840dk,micro-bpf,Kernel,.text,25244,1699656,108284
nettle-sha256,nrf52840dk,micro-bpf,fill,.text,85,1699656,108284
nettle-sha256,nrf52840dk,micro-bpf,Runtime,.text,65345,1699656,108284
nettle-sha256,nrf52840dk,micro-bpf,Unknown Symbols (unspecified),.text,20,1699656,108284
nettle-sha256,nrf52840dk,micro-bpf,Application,.text,22196,1699656,108284
nettle-sha256,nrf52840dk,micro-bpf,Kernel,.bss,5248,1699656,4740
nettle-sha256,nrf52840dk,micro-bpf,Kernel,.data,138,1699656,
nettle-sha256,nrf52840dk,micro-bpf,fill,.data,2,1699656,
nettle-sha256,nrf52840dk,micro-bpf,fill,.bss,4,1699656,4740
nettle-sha256,nrf52840dk,wamr,Kernel,.text,30244,2587494,91156
nettle-sha256,nrf52840dk,wamr,Unknown Symbols (app),.text,12,2587494,91156
nettle-sha256,nrf52840dk,wamr,Runtime,.text,65889,2587494,91156
nettle-sha256,nrf52840dk,wamr,fill,.text,81,2587494,91156
nettle-sha256,nrf52840dk,wamr,Application,.text,4149,2587494,91156
nettle-sha256,nrf52840dk,wamr,Kernel,.bss,3641,2587494,3192
nettle-sha256,nrf52840dk,wamr,Unknown Symbols (app),.data,16,2587494,
nettle-sha256,nrf52840dk,wamr,Kernel,.data,138,2587494,
nettle-sha256,nrf52840dk,wamr,Runtime,.data,920,2587494,
nettle-sha256,nrf52840dk,wamr,fill,.data,6,2587494,
nettle-sha256,nrf52840dk,wamr,fill,.bss,20,2587494,3192
nettle-sha256,nrf52840dk,wamr,Runtime,.bss,43,2587494,3192
nettle-sha256,nrf52840dk,wamr-fast,Kernel,.text,30244,2621781,93788
nettle-sha256,nrf52840dk,wamr-fast,Unknown Symbols (app),.text,12,2621781,93788
nettle-sha256,nrf52840dk,wamr-fast,Runtime,.text,68576,2621781,93788
nettle-sha256,nrf52840dk,wamr-fast,fill,.text,89,2621781,93788
nettle-sha256,nrf52840dk,wamr-fast,Application,.text,4149,2621781,93788
nettle-sha256,nrf52840dk,wamr-fast,Kernel,.bss,3570,2621781,3128
nettle-sha256,nrf52840dk,wamr-fast,Unknown Symbols (app),.data,16,2621781,
nettle-sha256,nrf52840dk,wamr-fast,Kernel,.data,138,2621781,
nettle-sha256,nrf52840dk,wamr-fast,Runtime,.data,1944,2621781,
nettle-sha256,nrf52840dk,wamr-fast,fill,.data,6,2621781,
nettle-sha256,nrf52840dk,wamr-fast,fill,.bss,19,2621781,3128
nettle-sha256,nrf52840dk,wamr-fast,Runtime,.bss,51,2621781,3128
nsichneu,nrf52840dk,native,Kernel,.text,12970,1500415,22856
nsichneu,nrf52840dk,native,Application,.text,10704,1500415,22856
nsichneu,nrf52840dk,native,fill,.text,23,1500415,22856
nsichneu,nrf52840dk,native,Kernel,.bss,1716,1500415,1268
nsichneu,nrf52840dk,native,Application,.data,8,1500415,
nsichneu,nrf52840dk,native,Kernel,.data,138,1500415,
nsichneu,nrf52840dk,native,fill,.data,2,1500415,
nsichneu,nrf52840dk,native,Application,.bss,60,1500415,1268
nsichneu,nrf52840dk,native,fill,.bss,4,1500415,1268
nsichneu,nrf52840dk,jerryscript,Kernel,.text,20561,3053364,177636
nsichneu,nrf52840dk,jerryscript,Runtime,.text,90675,3053364,177636
nsichneu,nrf52840dk,jerryscript,fill,.text,144,3053364,177636
nsichneu,nrf52840dk,jerryscript,Application,.text,72567,3053364,177636
nsichneu,nrf52840dk,jerryscript,Kernel,.bss,2745,3053364,43284
nsichneu,nrf52840dk,jerryscript,Kernel,.data,138,3053364,
nsichneu,nrf52840dk,jerryscript,fill,.data,2,3053364,
nsichneu,nrf52840dk,jerryscript,fill,.bss,3,3053364,43284
nsichneu,nrf52840dk,jerryscript,Heap,.bss,38912,3053364,43284
nsichneu,nrf52840dk,jerryscript,Runtime,.bss,2136,3053364,43284
nsichneu,nrf52840dk,lua,Kernel,.text,74262,3222801,224512
nsichneu,nrf52840dk,lua,Runtime,.text,90573,3222801,224512
nsichneu,nrf52840dk,lua,fill,.text,190,3222801,224512
nsichneu,nrf52840dk,lua,Application,.text,72543,3222801,224512
nsichneu,nrf52840dk,lua,Kernel,.bss,3489,3222801,113372
nsichneu,nrf52840dk,lua,Kernel,.data,602,3222801,
nsichneu,nrf52840dk,lua,fill,.data,6,3222801,
nsichneu,nrf52840dk,lua,Heap,.bss,110388,3222801,113372
nsichneu,nrf52840dk,lua,fill,.bss,7,3222801,113372
nsichneu,nrf52840dk,micropython,Kernel,.text,31331,3397237,202804
nsichneu,nrf52840dk,micropython,Runtime,.text,102805,3397237,202804
nsichneu,nrf52840dk,micropython,fill,.text,178,3397237,202804
nsichneu,nrf52840dk,micropython,Application,.text,79104,3397237,202804
nsichneu,nrf52840dk,micropython,Kernel,.bss,1991,3397237,139636
nsichneu,nrf52840dk,micropython,Kernel,.data,157,3397237,
nsichneu,nrf52840dk,micropython,fill,.data,3,3397237,
nsichneu,nrf52840dk,micropython,Heap,.bss,137703,3397237,139636
nsichneu,nrf52840dk,micropython,fill,.bss,6,3397237,139636
nsichneu,nrf52840dk,micropython,Runtime,.bss,448,3397237,139636
nsichneu,nrf52840dk,micro-bpf,Kernel,.text,25244,1767152,175780
nsichneu,nrf52840dk,micro-bpf,fill,.text,85,1767152,175780
nsichneu,nrf52840dk,micro-bpf,Runtime,.text,65349,1767152,175780
nsichneu,nrf52840dk,micro-bpf,Unknown Symbols (unspecified),.text,20,1767152,175780
nsichneu,nrf52840dk,micro-bpf,Application,.text,89688,1767152,175780
nsichneu,nrf52840dk,micro-bpf,Kernel,.bss,5248,1767152,4740
nsichneu,nrf52840dk,micro-bpf,Kernel,.data,138,1767152,
nsichneu,nrf52840dk,micro-bpf,fill,.data,2,1767152,
nsichneu,nrf52840dk,micro-bpf,fill,.bss,4,1767152,4740
nsichneu,nrf52840dk,wamr,Kernel,.text,30244,2612046,116060
nsichneu,nrf52840dk,wamr,Unknown Symbols (app),.text,12,2612046,116060
nsichneu,nrf52840dk,wamr,Runtime,.text,65889,2612046,116060
nsichneu,nrf52840dk,wamr,fill,.text,87,2612046,116060
nsichneu,nrf52840dk,wamr,Application,.text,29047,2612046,116060
nsichneu,nrf52840dk,wamr,Kernel,.bss,3289,2612046,2840
nsichneu,nrf52840dk,wamr,Unknown Symbols (app),.data,16,2612046,
nsichneu,nrf52840dk,wamr,Kernel,.data,138,2612046,
nsichneu,nrf52840dk,wamr,Runtime,.data,920,2612046,
nsichneu,nrf52840dk,wamr,fill,.data,6,2612046,
nsichneu,nrf52840dk,wamr,fill,.bss,20,2612046,2840
nsichneu,nrf52840dk,wamr,Runtime,.bss,43,2612046,2840
nsichneu,nrf52840dk,wamr-fast,Kernel,.text,30244,2646404,118692
nsichneu,nrf52840dk,wamr-fast,Unknown Symbols (app),.text,12,2646404,118692
nsichneu,nrf52840dk,wamr-fast,Runtime,.text,68576,2646404,118692
nsichneu,nrf52840dk,wamr-fast,fill,.text,95,2646404,118692
nsichneu,nrf52840dk,wamr-fast,Application,.text,29047,2646404,118692
nsichneu,nrf52840dk,wamr-fast,Kernel,.bss,3289,2646404,2848
nsichneu,nrf52840dk,wamr-fast,Unknown Symbols (app),.data,16,2646404,
nsichneu,nrf52840dk,wamr-fast,Kernel,.data,138,2646404,
nsichneu,nrf52840dk,wamr-fast,Runtime,.data,1944,2646404,
nsichneu,nrf52840dk,wamr-fast,fill,.data,6,2646404,
nsichneu,nrf52840dk,wamr-fast,fill,.bss,20,2646404,2848
nsichneu,nrf52840dk,wamr-fast,Runtime,.bss,51,2646404,2848
slre,nrf52840dk,native,Kernel,.text,12027,1470452,14208
slre,nrf52840dk,native,Application,.text,3190,1470452,14208
slre,nrf52840dk,native,fill,.text,26,1470452,14208
slre,nrf52840dk,native,Kernel,.bss,2138,1470452,1628
slre,nrf52840dk,native,Application,.data,46,1470452,
slre,nrf52840dk,native,fill,.data,4,1470452,
slre,nrf52840dk,native,Kernel,.data,138,1470452,
slre,nrf52840dk,native,fill,.bss,2,1470452,1628
slre,nrf52840dk,jerryscript,Kernel,.text,43336,3763636,186508
slre,nrf52840dk,jerryscript,Runtime,.text,135282,3763636,186508
slre,nrf52840dk,jerryscript,fill,.text,244,3763636,186508
slre,nrf52840dk,jerryscript,Application,.text,16563,3763636,186508
slre,nrf52840dk,jerryscript,Kernel,.bss,5280,3763636,18204
slre,nrf52840dk,jerryscript,Kernel,.data,138,3763636,
slre,nrf52840dk,jerryscript,fill,.data,2,3763636,
slre,nrf52840dk,jerryscript,fill,.bss,4,3763636,18204
slre,nrf52840dk,jerryscript,Heap,.bss,11264,3763636,18204
slre,nrf52840dk,jerryscript,Runtime,.bss,2168,3763636,18204
slre,nrf52840dk,lua,Kernel,.text,74262,3114241,172936
slre,nrf52840dk,lua,Runtime,.text,90577,3114241,172936
slre,nrf52840dk,lua,fill,.text,188,3114241,172936
slre,nrf52840dk,lua,Application,.text,20965,3114241,172936
slre,nrf52840dk,lua,Kernel,.bss,4193,3114241,55924
slre,nrf52840dk,lua,Kernel,.data,602,3114241,
slre,nrf52840dk,lua,fill,.data,6,3114241,
slre,nrf52840dk,lua,Heap,.bss,52237,3114241,55924
slre,nrf52840dk,lua,fill,.bss,6,3114241,55924
slre,nrf52840dk,micropython,Kernel,.text,31327,3247372,138908
slre,nrf52840dk,micropython,Runtime,.text,102805,3247372,138908
slre,nrf52840dk,micropython,fill,.text,181,3247372,138908
slre,nrf52840dk,micropython,Application,.text,15209,3247372,138908
slre,nrf52840dk,micropython,Kernel,.bss,5794,3247372,53676
slre,nrf52840dk,micropython,Kernel,.data,157,3247372,
slre,nrf52840dk,micropython,fill,.data,3,3247372,
slre,nrf52840dk,micropython,Heap,.bss,47943,3247372,53676
slre,nrf52840dk,micropython,fill,.bss,3,3247372,53676
slre,nrf52840dk,micropython,Runtime,.bss,448,3247372,53676
slre,nrf52840dk,micro-bpf,Kernel,.text,25244,1692580,101208
slre,nrf52840dk,micro-bpf,fill,.text,85,1692580,101208
slre,nrf52840dk,micro-bpf,Runtime,.text,65345,1692580,101208
slre,nrf52840dk,micro-bpf,Unknown Symbols (unspecified),.text,20,1692580,101208
slre,nrf52840dk,micro-bpf,Application,.text,15120,1692580,101208
slre,nrf52840dk,micro-bpf,Kernel,.bss,5248,1692580,4740
slre,nrf52840dk,micro-bpf,Kernel,.data,138,1692580,
slre,nrf52840dk,micro-bpf,fill,.data,2,1692580,
slre,nrf52840dk,micro-bpf,fill,.bss,4,1692580,4740
slre,nrf52840dk,wamr,Kernel,.text,30244,2587063,91076
slre,nrf52840dk,wamr,Unknown Symbols (app),.text,12,2587063,91076
slre,nrf52840dk,wamr,Runtime,.text,65889,2587063,91076
slre,nrf52840dk,wamr,fill,.text,80,2587063,91076
slre,nrf52840dk,wamr,Application,.text,4070,2587063,91076
slre,nrf52840dk,wamr,Kernel,.bss,3289,2587063,2840
slre,nrf52840dk,wamr,Unknown Symbols (app),.data,16,2587063,
slre,nrf52840dk,wamr,Kernel,.data,138,2587063,
slre,nrf52840dk,wamr,Runtime,.data,920,2587063,
slre,nrf52840dk,wamr,fill,.data,6,2587063,
slre,nrf52840dk,wamr,fill,.bss,20,2587063,2840
slre,nrf52840dk,wamr,Runtime,.bss,43,2587063,2840
slre,nrf52840dk,wamr-fast,Kernel,.text,30244,2621421,93708
slre,nrf52840dk,wamr-fast,Unknown Symbols (app),.text,12,2621421,93708
slre,nrf52840dk,wamr-fast,Runtime,.text,68576,2621421,93708
slre,nrf52840dk,wamr-fast,fill,.text,88,2621421,93708
slre,nrf52840dk,wamr-fast,Application,.text,4070,2621421,93708
slre,nrf52840dk,wamr-fast,Kernel,.bss,3289,2621421,2848
slre,nrf52840dk,wamr-fast,Unknown Symbols (app),.data,16,2621421,
slre,nrf52840dk,wamr-fast,Kernel,.data,138,2621421,
slre,nrf52840dk,wamr-fast,Runtime,.data,1944,2621421,
slre,nrf52840dk,wamr-fast,fill,.data,6,2621421,
slre,nrf52840dk,wamr-fast,fill,.bss,20,2621421,2848
slre,nrf52840dk,wamr-fast,Runtime,.bss,51,2621421,2848
statemate,nrf52840dk,native,Kernel,.text,12970,1470036,13960
statemate,nrf52840dk,native,Application,.text,1840,1470036,13960
statemate,nrf52840dk,native,fill,.text,23,1470036,13960
statemate,nrf52840dk,native,Kernel,.bss,1716,1470036,1416
statemate,nrf52840dk,native,Kernel,.data,138,1470036,
statemate,nrf52840dk,native,fill,.data,2,1470036,
statemate,nrf52840dk,native,Application,.bss,201,1470036,1416
statemate,nrf52840dk,native,fill,.bss,11,1470036,1416
statemate,nrf52840dk,jerryscript,Kernel,.text,20557,3002680,148460
statemate,nrf52840dk,jerryscript,Runtime,.text,90675,3002680,148460
statemate,nrf52840dk,jerryscript,fill,.text,147,3002680,148460
statemate,nrf52840dk,jerryscript,Application,.text,43392,3002680,148460
statemate,nrf52840dk,jerryscript,Kernel,.bss,2745,3002680,21780
statemate,nrf52840dk,jerryscript,Kernel,.data,138,3002680,
statemate,nrf52840dk,jerryscript,fill,.data,2,3002680,
statemate,nrf52840dk,jerryscript,fill,.bss,3,3002680,21780
statemate,nrf52840dk,jerryscript,Heap,.bss,17408,3002680,21780
statemate,nrf52840dk,jerryscript,Runtime,.bss,2136,3002680,21780
statemate,nrf52840dk,lua,Kernel,.text,74262,3146136,194464
statemate,nrf52840dk,lua,Runtime,.text,90569,3146136,194464
statemate,nrf52840dk,lua,fill,.text,183,3146136,194464
statemate,nrf52840dk,lua,Application,.text,42490,3146136,194464
statemate,nrf52840dk,lua,Kernel,.bss,4405,3146136,66764
statemate,nrf52840dk,lua,Kernel,.data,602,3146136,
statemate,nrf52840dk,lua,fill,.data,6,3146136,
statemate,nrf52840dk,lua,Heap,.bss,62868,3146136,66764
statemate,nrf52840dk,lua,fill,.bss,3,3146136,66764
statemate,nrf52840dk,micropython,Kernel,.text,31327,3274212,171096
statemate,nrf52840dk,micropython,Runtime,.text,102805,3274212,171096
statemate,nrf52840dk,micropython,fill,.text,183,3274212,171096
statemate,nrf52840dk,micropython,Application,.text,47395,3274212,171096
statemate,nrf52840dk,micropython,Kernel,.bss,2695,3274212,48328
statemate,nrf52840dk,micropython,Kernel,.data,157,3274212,
statemate,nrf52840dk,micropython,fill,.data,3,3274212,
statemate,nrf52840dk,micropython,Heap,.bss,45690,3274212,48328
statemate,nrf52840dk,micropython,fill,.bss,7,3274212,48328
statemate,nrf52840dk,micropython,Runtime,.bss,448,3274212,48328
statemate,nrf52840dk,micro-bpf,Kernel,.text,25244,1699076,107776
statemate,nrf52840dk,micro-bpf,fill,.text,85,1699076,107776
statemate,nrf52840dk,micro-bpf,Runtime,.text,65345,1699076,107776
statemate,nrf52840dk,micro-bpf,Unknown Symbols (unspecified),.text,20,1699076,107776
statemate,nrf52840dk,micro-bpf,Application,.text,21688,1699076,107776
statemate,nrf52840dk,micro-bpf,Kernel,.bss,5177,1699076,4668
statemate,nrf52840dk,micro-bpf,Kernel,.data,138,1699076,
statemate,nrf52840dk,micro-bpf,fill,.data,2,1699076,
statemate,nrf52840dk,micro-bpf,fill,.bss,3,1699076,4668
statemate,nrf52840dk,wamr,Kernel,.text,30244,2584657,88340
statemate,nrf52840dk,wamr,Unknown Symbols (app),.text,12,2584657,88340
statemate,nrf52840dk,wamr,Runtime,.text,65889,2584657,88340
statemate,nrf52840dk,wamr,fill,.text,87,2584657,88340
statemate,nrf52840dk,wamr,Application,.text,1327,2584657,88340
statemate,nrf52840dk,wamr,Kernel,.bss,3641,2584657,3192
statemate,nrf52840dk,wamr,Unknown Symbols (app),.data,16,2584657,
statemate,nrf52840dk,wamr,Kernel,.data,138,2584657,
statemate,nrf52840dk,wamr,Runtime,.data,920,2584657,
statemate,nrf52840dk,wamr,fill,.data,6,2584657,
statemate,nrf52840dk,wamr,fill,.bss,20,2584657,3192
statemate,nrf52840dk,wamr,Runtime,.bss,43,2584657,3192
statemate,nrf52840dk,wamr-fast,Kernel,.text,30244,2618943,90972
statemate,nrf52840dk,wamr-fast,Unknown Symbols (app),.text,12,2618943,90972
statemate,nrf52840dk,wamr-fast,Runtime,.text,68576,2618943,90972
statemate,nrf52840dk,wamr-fast,fill,.text,95,2618943,90972
statemate,nrf52840dk,wamr-fast,Application,.text,1327,2618943,90972
statemate,nrf52840dk,wamr-fast,Kernel,.bss,3570,2618943,3128
statemate,nrf52840dk,wamr-fast,Unknown Symbols (app),.data,16,2618943,
statemate,nrf52840dk,wamr-fast,Kernel,.data,138,2618943,
statemate,nrf52840dk,wamr-fast,Runtime,.data,1944,2618943,
statemate,nrf52840dk,wamr-fast,fill,.data,6,2618943,
statemate,nrf52840dk,wamr-fast,fill,.bss,19,2618943,3128
statemate,nrf52840dk,wamr-fast,Runtime,.bss,51,2618943,3128
tarfind,nrf52840dk,native,Kernel,.text,12970,1465754,12296
tarfind,nrf52840dk,native,Application,.text,200,1465754,12296
tarfind,nrf52840dk,native,fill,.text,15,1465754,12296
tarfind,nrf52840dk,native,Kernel,.bss,1716,1465754,10208
tarfind,nrf52840dk,native,Kernel,.data,138,1465754,
tarfind,nrf52840dk,native,fill,.data,2,1465754,
tarfind,nrf52840dk,native,Application,.bss,8999,1465754,10208
tarfind,nrf52840dk,native,fill,.bss,5,1465754,10208
tarfind,nrf52840dk,jerryscript,Kernel,.text,50953,5638615,294292
tarfind,nrf52840dk,jerryscript,Runtime,.text,263483,5638615,294292
tarfind,nrf52840dk,jerryscript,fill,.text,456,5638615,294292
tarfind,nrf52840dk,jerryscript,Application,.text,1854,5638615,294292
tarfind,nrf52840dk,jerryscript,Unknown Symbols (unspecified),.text,48,5638615,294292
tarfind,nrf52840dk,jerryscript,Kernel,.bss,2957,5638615,22080
tarfind,nrf52840dk,jerryscript,Kernel,.data,138,5638615,
tarfind,nrf52840dk,jerryscript,fill,.data,2,5638615,
tarfind,nrf52840dk,jerryscript,fill,.bss,10,5638615,22080
tarfind,nrf52840dk,jerryscript,Heap,.bss,17408,5638615,22080
tarfind,nrf52840dk,jerryscript,Runtime,.bss,2217,5638615,22080
tarfind,nrf52840dk,lua,Kernel,.text,74262,3094396,153880
tarfind,nrf52840dk,lua,Runtime,.text,90577,3094396,153880
tarfind,nrf52840dk,lua,fill,.text,192,3094396,153880
tarfind,nrf52840dk,lua,Application,.text,1905,3094396,153880
tarfind,nrf52840dk,lua,Kernel,.bss,3560,3094396,55156
tarfind,nrf52840dk,lua,Kernel,.data,602,3094396,
tarfind,nrf52840dk,lua,fill,.data,6,3094396,
tarfind,nrf52840dk,lua,Heap,.bss,52097,3094396,55156
tarfind,nrf52840dk,lua,fill,.bss,11,3094396,55156
tarfind,nrf52840dk,micropython,Kernel,.text,31327,3193791,125140
tarfind,nrf52840dk,micropython,Runtime,.text,102805,3193791,125140
tarfind,nrf52840dk,micropython,fill,.text,183,3193791,125140
tarfind,nrf52840dk,micropython,Application,.text,1439,3193791,125140
tarfind,nrf52840dk,micropython,Kernel,.bss,2836,3193791,13884
tarfind,nrf52840dk,micropython,Kernel,.data,157,3193791,
tarfind,nrf52840dk,micropython,fill,.data,3,3193791,
tarfind,nrf52840dk,micropython,Heap,.bss,11107,3193791,13884
tarfind,nrf52840dk,micropython,fill,.bss,5,3193791,13884
tarfind,nrf52840dk,micropython,Runtime,.bss,448,3193791,13884
tarfind,nrf52840dk,micro-bpf,Kernel,.text,25244,1678308,87008
tarfind,nrf52840dk,micro-bpf,fill,.text,85,1678308,87008
tarfind,nrf52840dk,micro-bpf,Runtime,.text,65345,1678308,87008
tarfind,nrf52840dk,micro-bpf,Unknown Symbols (unspecified),.text,20,1678308,87008
tarfind,nrf52840dk,micro-bpf,Application,.text,920,1678308,87008
tarfind,nrf52840dk,micro-bpf,Kernel,.bss,5177,1678308,4668
tarfind,nrf52840dk,micro-bpf,Kernel,.data,138,1678308,
tarfind,nrf52840dk,micro-bpf,fill,.data,2,1678308,
tarfind,nrf52840dk,micro-bpf,fill,.bss,3,1678308,4668
tarfind,nrf52840dk,wamr,Kernel,.text,30244,2583825,87508
tarfind,nrf52840dk,wamr,Unknown Symbols (app),.text,12,2583825,87508
tarfind,nrf52840dk,wamr,Runtime,.text,65889,2583825,87508
tarfind,nrf52840dk,wamr,fill,.text,81,2583825,87508
tarfind,nrf52840dk,wamr,Application,.text,501,2583825,87508
tarfind,nrf52840dk,wamr,Kernel,.bss,3641,2583825,3192
tarfind,nrf52840dk,wamr,Unknown Symbols (app),.data,16,2583825,
tarfind,nrf52840dk,wamr,Kernel,.data,138,2583825,
tarfind,nrf52840dk,wamr,Runtime,.data,920,2583825,
tarfind,nrf52840dk,wamr,fill,.data,6,2583825,
tarfind,nrf52840dk,wamr,fill,.bss,20,2583825,3192
tarfind,nrf52840dk,wamr,Runtime,.bss,43,2583825,3192
tarfind,nrf52840dk,wamr-fast,Kernel,.text,30244,2618111,90140
tarfind,nrf52840dk,wamr-fast,Unknown Symbols (app),.text,12,2618111,90140
tarfind,nrf52840dk,wamr-fast,Runtime,.text,68576,2618111,90140
tarfind,nrf52840dk,wamr-fast,fill,.text,89,2618111,90140
tarfind,nrf52840dk,wamr-fast,Application,.text,501,2618111,90140
tarfind,nrf52840dk,wamr-fast,Kernel,.bss,3570,2618111,3128
tarfind,nrf52840dk,wamr-fast,Unknown Symbols (app),.data,16,2618111,
tarfind,nrf52840dk,wamr-fast,Kernel,.data,138,2618111,
tarfind,nrf52840dk,wamr-fast,Runtime,.data,1944,2618111,
tarfind,nrf52840dk,wamr-fast,fill,.data,6,2618111,
tarfind,nrf52840dk,wamr-fast,fill,.bss,19,2618111,3128
tarfind,nrf52840dk,wamr-fast,Runtime,.bss,51,2618111,3128
ud,nrf52840dk,native,Kernel,.text,12970,1459012,12616
ud,nrf52840dk,native,Application,.text,472,1459012,12616
ud,nrf52840dk,native,fill,.text,15,1459012,12616
ud,nrf52840dk,native,Kernel,.bss,1716,1459012,2972
ud,nrf52840dk,native,Kernel,.data,138,1459012,
ud,nrf52840dk,native,fill,.data,2,1459012,
ud,nrf52840dk,native,Application,.bss,1764,1459012,2972
ud,nrf52840dk,native,fill,.bss,4,1459012,2972
ud,nrf52840dk,jerryscript,Kernel,.text,43336,3741620,171956
ud,nrf52840dk,jerryscript,Runtime,.text,135270,3741620,171956
ud,nrf52840dk,jerryscript,fill,.text,245,3741620,171956
ud,nrf52840dk,jerryscript,Application,.text,2006,3741620,171956
ud,nrf52840dk,jerryscript,Kernel,.bss,2957,3741620,10764
ud,nrf52840dk,jerryscript,Kernel,.data,138,3741620,
ud,nrf52840dk,jerryscript,fill,.data,2,3741620,
ud,nrf52840dk,jerryscript,fill,.bss,7,3741620,10764
ud,nrf52840dk,jerryscript,Heap,.bss,6144,3741620,10764
ud,nrf52840dk,jerryscript,Runtime,.bss,2168,3741620,10764
ud,nrf52840dk,lua,Kernel,.text,74262,3068628,154376
ud,nrf52840dk,lua,Runtime,.text,90577,3068628,154376
ud,nrf52840dk,lua,fill,.text,190,3068628,154376
ud,nrf52840dk,lua,Application,.text,2403,3068628,154376
ud,nrf52840dk,lua,Kernel,.bss,3771,3068628,28892
ud,nrf52840dk,lua,Kernel,.data,602,3068628,
ud,nrf52840dk,lua,fill,.data,6,3068628,
ud,nrf52840dk,lua,Heap,.bss,25626,3068628,28892
ud,nrf52840dk,lua,fill,.bss,7,3068628,28892
ud,nrf52840dk,micropython,Kernel,.text,31327,3190018,125364
ud,nrf52840dk,micropython,Runtime,.text,102805,3190018,125364
ud,nrf52840dk,micropython,fill,.text,183,3190018,125364
ud,nrf52840dk,micropython,Application,.text,1663,3190018,125364
ud,nrf52840dk,micropython,Kernel,.bss,2272,3190018,9888
ud,nrf52840dk,micropython,Kernel,.data,157,3190018,
ud,nrf52840dk,micropython,fill,.data,3,3190018,
ud,nrf52840dk,micropython,Heap,.bss,7674,3190018,9888
ud,nrf52840dk,micropython,fill,.bss,6,3190018,9888
ud,nrf52840dk,micropython,Runtime,.bss,448,3190018,9888
ud,nrf52840dk,micro-bpf,Kernel,.text,25244,1679484,88184
ud,nrf52840dk,micro-bpf,fill,.text,85,1679484,88184
ud,nrf52840dk,micro-bpf,Runtime,.text,65345,1679484,88184
ud,nrf52840dk,micro-bpf,Unknown Symbols (unspecified),.text,20,1679484,88184
ud,nrf52840dk,micro-bpf,Application,.text,2096,1679484,88184
ud,nrf52840dk,micro-bpf,Kernel,.bss,5177,1679484,4668
ud,nrf52840dk,micro-bpf,Kernel,.data,138,1679484,
ud,nrf52840dk,micro-bpf,fill,.data,2,1679484,
ud,nrf52840dk,micro-bpf,fill,.bss,3,1679484,4668
ud,nrf52840dk,wamr,Kernel,.text,30244,2584001,88036
ud,nrf52840dk,wamr,Unknown Symbols (app),.text,12,2584001,88036
ud,nrf52840dk,wamr,Runtime,.text,65889,2584001,88036
ud,nrf52840dk,wamr,fill,.text,82,2584001,88036
ud,nrf52840dk,wamr,Application,.text,1028,2584001,88036
ud,nrf52840dk,wamr,Kernel,.bss,3289,2584001,2840
ud,nrf52840dk,wamr,Unknown Symbols (app),.data,16,2584001,
ud,nrf52840dk,wamr,Kernel,.data,138,2584001,
ud,nrf52840dk,wamr,Runtime,.data,920,2584001,
ud,nrf52840dk,wamr,fill,.data,6,2584001,
ud,nrf52840dk,wamr,fill,.bss,20,2584001,2840
ud,nrf52840dk,wamr,Runtime,.bss,43,2584001,2840
ud,nrf52840dk,wamr-fast,Kernel,.text,30244,2618359,90668
ud,nrf52840dk,wamr-fast,Unknown Symbols (app),.text,12,2618359,90668
ud,nrf52840dk,wamr-fast,Runtime,.text,68576,2618359,90668
ud,nrf52840dk,wamr-fast,fill,.text,90,2618359,90668
ud,nrf52840dk,wamr-fast,Application,.text,1028,2618359,90668
ud,nrf52840dk,wamr-fast,Kernel,.bss,3289,2618359,2848
ud,nrf52840dk,wamr-fast,Unknown Symbols (app),.data,16,2618359,
ud,nrf52840dk,wamr-fast,Kernel,.data,138,2618359,
ud,nrf52840dk,wamr-fast,Runtime,.data,1944,2618359,
ud,nrf52840dk,wamr-fast,fill,.data,6,2618359,
ud,nrf52840dk,wamr-fast,fill,.bss,20,2618359,2848
ud,nrf52840dk,wamr-fast,Runtime,.bss,51,2618359,2848
xgboost,nrf52840dk,native,Kernel,.text,12970,1465821,20144
xgboost,nrf52840dk,native,Application,.text,8029,1465821,20144
xgboost,nrf52840dk,native,fill,.text,18,1465821,20144
xgboost,nrf52840dk,native,Kernel,.bss,1716,1465821,1208
xgboost,nrf52840dk,native,Kernel,.data,138,1465821,
xgboost,nrf52840dk,native,fill,.data,2,1465821,
xgboost,nrf52840dk,native,fill,.bss,4,1465821,1208
xgboost,nrf52840dk,jerryscript,Kernel,.text,20557,3022760,131324
xgboost,nrf52840dk,jerryscript,Runtime,.text,90675,3022760,131324
xgboost,nrf52840dk,jerryscript,fill,.text,142,3022760,131324
xgboost,nrf52840dk,jerryscript,Application,.text,26261,3022760,131324
xgboost,nrf52840dk,jerryscript,Kernel,.bss,3097,3022760,58996
xgboost,nrf52840dk,jerryscript,Kernel,.data,138,3022760,
xgboost,nrf52840dk,jerryscript,fill,.data,2,3022760,
xgboost,nrf52840dk,jerryscript,fill,.bss,3,3022760,58996
xgboost,nrf52840dk,jerryscript,Heap,.bss,54272,3022760,58996
xgboost,nrf52840dk,jerryscript,Runtime,.bss,2136,3022760,58996
xgboost,nrf52840dk,lua,Kernel,.text,74262,3224662,176544
xgboost,nrf52840dk,lua,Runtime,.text,90573,3224662,176544
xgboost,nrf52840dk,lua,fill,.text,191,3224662,176544
xgboost,nrf52840dk,lua,Application,.text,24574,3224662,176544
xgboost,nrf52840dk,lua,Kernel,.bss,3630,3224662,163196
xgboost,nrf52840dk,lua,Kernel,.data,602,3224662,
xgboost,nrf52840dk,lua,fill,.data,6,3224662,
xgboost,nrf52840dk,lua,Heap,.bss,160072,3224662,163196
xgboost,nrf52840dk,lua,fill,.bss,6,3224662,163196
xgboost,nrf52840dk,micropython,Kernel,.text,31327,3271098,147908
xgboost,nrf52840dk,micropython,Runtime,.text,102805,3271098,147908
xgboost,nrf52840dk,micropython,fill,.text,184,3271098,147908
xgboost,nrf52840dk,micropython,Application,.text,24206,3271098,147908
xgboost,nrf52840dk,micropython,Kernel,.bss,2272,3271098,68388
xgboost,nrf52840dk,micropython,Kernel,.data,157,3271098,
xgboost,nrf52840dk,micropython,fill,.data,3,3271098,
xgboost,nrf52840dk,micropython,Heap,.bss,66176,3271098,68388
xgboost,nrf52840dk,micropython,fill,.bss,4,3271098,68388
xgboost,nrf52840dk,micropython,Runtime,.bss,448,3271098,68388
xgboost,nrf52840dk,micro-bpf,Kernel,.text,25244,1686284,94984
xgboost,nrf52840dk,micro-bpf,fill,.text,85,1686284,94984
xgboost,nrf52840dk,micro-bpf,Runtime,.text,65345,1686284,94984
xgboost,nrf52840dk,micro-bpf,Unknown Symbols (unspecified),.text,20,1686284,94984
xgboost,nrf52840dk,micro-bpf,Application,.text,8896,1686284,94984
xgboost,nrf52840dk,micro-bpf,Kernel,.bss,5177,1686284,4668
xgboost,nrf52840dk,micro-bpf,Kernel,.data,138,1686284,
xgboost,nrf52840dk,micro-bpf,fill,.data,2,1686284,
xgboost,nrf52840dk,micro-bpf,fill,.bss,3,1686284,4668
xgboost,nrf52840dk,wamr,Kernel,.text,30244,2591414,95428
xgboost,nrf52840dk,wamr,Unknown Symbols (app),.text,12,2591414,95428
xgboost,nrf52840dk,wamr,Runtime,.text,65889,2591414,95428
xgboost,nrf52840dk,wamr,fill,.text,84,2591414,95428
xgboost,nrf52840dk,wamr,Application,.text,8418,2591414,95428
xgboost,nrf52840dk,wamr,Kernel,.bss,3289,2591414,2840
xgboost,nrf52840dk,wamr,Unknown Symbols (app),.data,16,2591414,
xgboost,nrf52840dk,wamr,Kernel,.data,138,2591414,
xgboost,nrf52840dk,wamr,Runtime,.data,920,2591414,
xgboost,nrf52840dk,wamr,fill,.data,6,2591414,
xgboost,nrf52840dk,wamr,fill,.bss,20,2591414,2840
xgboost,nrf52840dk,wamr,Runtime,.bss,43,2591414,2840
xgboost,nrf52840dk,wamr-fast,Kernel,.text,30244,2625772,98060
xgboost,nrf52840dk,wamr-fast,Unknown Symbols (app),.text,12,2625772,98060
xgboost,nrf52840dk,wamr-fast,Runtime,.text,68576,2625772,98060
xgboost,nrf52840dk,wamr-fast,fill,.text,92,2625772,98060
xgboost,nrf52840dk,wamr-fast,Application,.text,8418,2625772,98060
xgboost,nrf52840dk,wamr-fast,Kernel,.bss,3289,2625772,2848
xgboost,nrf52840dk,wamr-fast,Unknown Symbols (app),.data,16,2625772,
xgboost,nrf52840dk,wamr-fast,Kernel,.data,138,2625772,
xgboost,nrf52840dk,wamr-fast,Runtime,.data,1944,2625772,
xgboost,nrf52840dk,wamr-fast,fill,.data,6,2625772,
xgboost,nrf52840dk,wamr-fast,fill,.bss,20,2625772,2848
xgboost,nrf52840dk,wamr-fast,Runtime,.bss,51,2625772,2848
